start_location,start_lat,start_lon,end_location,end_lat,end_lon,distance_km,delivery_demand,fuel_cost_per_km,traffic_factor,time_of_day
Ranipet,12.9296,79.3324,Vellore,12.9165,79.1325,26.05653206556814,94,0.1260719221018143,2.354918892884207,afternoon
Madurai,9.9252,78.1198,Thanjavur,10.787,79.1378,176.28999025471285,23,0.2685966278797648,1.9454843781503994,evening
Rajapalayam,9.4532,77.5521,Tiruppur,11.1085,77.3411,222.6035078150374,18,0.2430102105532624,1.0860240510620376,afternoon
Tiruvannamalai,12.2253,79.0747,Pudukkottai,10.3797,78.8208,248.4961616573496,69,0.2876809110984364,1.2504369711877807,evening
Vaniyambadi,12.6844,78.6158,Neyveli,11.5384,79.4812,190.07832450503733,52,0.2734066768152182,1.1301770282484278,afternoon
Tiruvannamalai,12.2253,79.0747,Tiruchirappalli,10.7905,78.7047,197.4684165816324,15,0.25355731123232716,1.209782136625599,evening
Vaniyambadi,12.6844,78.6158,Thanjavur,10.787,79.1378,262.2005543270979,98,0.2263399509670383,2.3061682632701155,night
Erode,11.341,77.7172,Pudukkottai,10.3797,78.8208,193.30708057090592,55,0.16711217192933386,1.9318306364509699,afternoon
Tiruvannamalai,12.2253,79.0747,Rajapalayam,9.4532,77.5521,420.2718055085306,77,0.2566310988368179,2.2406075552780123,morning
Coimbatore,11.0168,76.9558,Kumbakonam,10.9602,79.3845,318.2180047230117,56,0.20398763070434656,2.0570863514969755,morning
Pudukkottai,10.3797,78.8208,Coimbatore,11.0168,76.9558,258.8827646388479,72,0.1814599227245153,1.9929069485444046,night
Madurai,9.9252,78.1198,Hosur,12.7409,77.8253,377.6799366081379,78,0.29706557623021956,1.9453958315800024,evening
Salem,11.6643,78.146,Kumbakonam,10.9602,79.3845,187.311782641292,27,0.29319733497205974,1.065475061546748,night
Tirunelveli,8.7139,77.7567,Chennai,13.0827,80.2707,669.5321030528769,18,0.18668044706247316,1.307400884885998,afternoon
Hosur,12.7409,77.8253,Kumbakonam,10.9602,79.3845,312.90900912986564,82,0.1836999854098059,2.2413014494008565,evening
Tiruvannamalai,12.2253,79.0747,Nagercoil,8.1833,77.4119,581.8493733324436,85,0.20874096314401447,1.9340058011766896,night
Nagercoil,8.1833,77.4119,Hosur,12.7409,77.8253,610.5514461624192,46,0.10980076177305186,1.3050031755855325,evening
Neyveli,11.5384,79.4812,Pudukkottai,10.3797,78.8208,177.1676632939058,91,0.2759260558229182,2.0116198820173006,evening
Salem,11.6643,78.146,Chennai,13.0827,80.2707,335.4117389979068,45,0.2710699905459738,1.6242532674731016,evening
Karaikudi,10.0735,78.7732,Tiruchirappalli,10.7905,78.7047,96.0934807136418,52,0.11201775371754004,1.6815060075174926,night
Nagercoil,8.1833,77.4119,Kanchipuram,12.8342,79.7036,689.5443100665044,35,0.10956438071525176,1.5107875607063737,afternoon
Thoothukudi,8.7642,78.1348,Pollachi,10.662,77.0065,293.5043920277049,54,0.2602134731410323,1.4840843839491529,morning
Karaikudi,10.0735,78.7732,Karur,10.9601,78.0766,149.4897264423387,31,0.11738299564590356,1.2922254913828106,evening
Erode,11.341,77.7172,Hosur,12.7409,77.8253,187.32602696086752,84,0.2626252035615122,1.9208626809441265,morning
Coimbatore,11.0168,76.9558,Vaniyambadi,12.6844,78.6158,310.64776975481277,23,0.1643937550903078,1.98184871603279,evening
Kumarapalayam,11.4422,77.7088,Madurai,9.9252,78.1198,209.46973365785905,17,0.22020871543813153,1.556487360773127,evening
Kumbakonam,10.9602,79.3845,Karur,10.9601,78.0766,171.3348073152354,35,0.23606980557320567,1.5706790773478119,night
Tiruppur,11.1085,77.3411,Coimbatore,11.0168,76.9558,51.919159484766595,68,0.24119920901636113,2.200561626146456,afternoon
Neyveli,11.5384,79.4812,Tiruchirappalli,10.7905,78.7047,142.44917879913802,81,0.19039771355201437,2.375624822477433,night
Tiruppur,11.1085,77.3411,Pollachi,10.662,77.0065,73.97177341374186,49,0.18065077475935723,1.480075792784962,night
Karur,10.9601,78.0766,Kanchipuram,12.8342,79.7036,328.11215142649803,89,0.14448442281049795,2.1440598484008113,morning
Vaniyambadi,12.6844,78.6158,Kumbakonam,10.9602,79.3845,251.01589017495428,88,0.1626782466882057,1.6012728717497795,afternoon
Karaikudi,10.0735,78.7732,Pudukkottai,10.3797,78.8208,41.332815428784635,43,0.11552615915875748,1.8927555257905193,morning
Chennai,13.0827,80.2707,Cuddalore,11.748,79.7714,189.60712883281832,79,0.16303743374088628,1.9471285257755513,night
Pollachi,10.662,77.0065,Cuddalore,11.748,79.7714,389.8258262155104,95,0.26961965558825873,1.8447939177942487,afternoon
Kumbakonam,10.9602,79.3845,Tirunelveli,8.7139,77.7567,368.2846142405459,75,0.23570555070198254,2.257065286068486,morning
Rajapalayam,9.4532,77.5521,Kumbakonam,10.9602,79.3845,313.58654521265163,64,0.1560894472360443,1.5990206330704873,night
Thoothukudi,8.7642,78.1348,Tirunelveli,8.7139,77.7567,50.31530547908347,37,0.16025200397807315,1.0471382341893476,morning
Tiruppur,11.1085,77.3411,Pudukkottai,10.3797,78.8208,216.99048433566864,79,0.2698119079992263,2.427295719342195,evening
Vellore,12.9165,79.1325,Pudukkottai,10.3797,78.8208,340.9369224372753,22,0.21707934476262541,1.3335670104588604,night
Salem,11.6643,78.146,Vellore,12.9165,79.1325,210.85288885348567,82,0.1962136115285587,2.0335306601266425,afternoon
Tirunelveli,8.7139,77.7567,Neyveli,11.5384,79.4812,439.70730259470844,87,0.2993740741918193,1.32898689705199,evening
Sivakasi,9.4533,77.8024,Erode,11.341,77.7172,252.13124901884603,92,0.14942037157201715,1.5410039600642493,morning
Erode,11.341,77.7172,Rajapalayam,9.4532,77.5521,252.82668249393456,82,0.26364689331603974,1.6380555296602433,evening
Erode,11.341,77.7172,Karur,10.9601,78.0766,69.26002901394045,45,0.11662761301213383,1.6181512887262168,morning
Kumarapalayam,11.4422,77.7088,Karaikudi,10.0735,78.7732,229.83017371936666,76,0.1997831624643589,2.3044725187854413,night
Tirunelveli,8.7139,77.7567,Kanchipuram,12.8342,79.7036,606.1054529615011,19,0.15492193613577934,1.2790392039882104,afternoon
Kanchipuram,12.8342,79.7036,Erode,11.341,77.7172,326.90339052375015,31,0.12283668420320747,1.4169392885770071,night
Tiruvannamalai,12.2253,79.0747,Tiruppur,11.1085,77.3411,271.15658864425905,98,0.18463046063779387,1.8852741653053113,evening
Hosur,12.7409,77.8253,Chennai,13.0827,80.2707,321.3005381520016,98,0.19848627250260226,1.6913623670029243,evening
Pollachi,10.662,77.0065,Thoothukudi,8.7642,78.1348,293.5043920277049,44,0.28357568849987724,1.841479432577787,morning
Coimbatore,11.0168,76.9558,Thoothukudi,8.7642,78.1348,338.17128244999566,74,0.13100984549949118,1.557454112372016,morning
Nagercoil,8.1833,77.4119,Kumarapalayam,11.4422,77.7088,436.5959491257001,98,0.17390978246951933,2.217294828019903,morning
Pudukkottai,10.3797,78.8208,Thanjavur,10.787,79.1378,68.42857696615006,33,0.22505380265421893,1.1949145809535002,night
Chennai,13.0827,80.2707,Thanjavur,10.787,79.1378,340.1550580882527,85,0.17829303778297215,1.7897355174606364,morning
Vellore,12.9165,79.1325,Chennai,13.0827,80.2707,149.6344856310479,30,0.16578289312763883,1.4575158861794166,afternoon
Thoothukudi,8.7642,78.1348,Dindigul,10.3673,77.9803,214.8716502661697,81,0.2710836859286846,2.042144126981963,morning
Gudiyatham,12.9472,78.871,Ooty,11.4102,76.695,350.15363946756236,92,0.13939043192480707,2.2558880187695554,night
Tiruvannamalai,12.2253,79.0747,Hosur,12.7409,77.8253,176.71290909452145,51,0.2580733740813304,1.8932892765957545,morning
Tirunelveli,8.7139,77.7567,Vellore,12.9165,79.1325,589.0335026791266,66,0.16122888951225428,2.11429010552124,night
Sivakasi,9.4533,77.8024,Nagercoil,8.1833,77.4119,177.11058534945525,94,0.14042103171349046,2.270914790354931,evening
Ooty,11.4102,76.695,Coimbatore,11.0168,76.9558,62.61559384768661,81,0.26302528013817883,1.8969841683125652,morning
Coimbatore,11.0168,76.9558,Ranipet,12.9296,79.3324,401.7079775118701,72,0.27636044141606075,1.4699430374593982,evening
Tiruchirappalli,10.7905,78.7047,Tiruvannamalai,12.2253,79.0747,197.4684165816324,33,0.12519652478136029,2.174207686000935,night
Nagercoil,8.1833,77.4119,Tirunelveli,8.7139,77.7567,84.16456492010933,11,0.25594876966629654,1.919548367944674,afternoon
Pudukkottai,10.3797,78.8208,Kanchipuram,12.8342,79.7036,347.241830856893,60,0.1754948198157738,2.4739318776106582,morning
Coimbatore,11.0168,76.9558,Nagercoil,8.1833,77.4119,382.8162657940433,27,0.14294962698733685,1.6306122438145325,afternoon
Pollachi,10.662,77.0065,Ooty,11.4102,76.695,107.84880494468673,56,0.1954123550886533,2.1558917748856796,morning
Ranipet,12.9296,79.3324,Chennai,13.0827,80.2707,123.68771840842105,45,0.25607006883602645,1.5408114754754534,morning
Erode,11.341,77.7172,Rajapalayam,9.4532,77.5521,252.82668249393456,14,0.24770407992278723,1.9566125687260731,morning
Kumbakonam,10.9602,79.3845,Vaniyambadi,12.6844,78.6158,251.01589017495428,19,0.15570305101139298,2.4929411004603796,afternoon
Tirunelveli,8.7139,77.7567,Sivakasi,9.4533,77.8024,98.8446109815033,15,0.22767276886966772,1.7837553925027976,afternoon
Vaniyambadi,12.6844,78.6158,Gudiyatham,12.9472,78.871,48.29244199883923,53,0.18673952553821033,1.606611904974169,afternoon
Pollachi,10.662,77.0065,Chennai,13.0827,80.2707,534.7683328786308,22,0.1676618469333072,2.216352121449327,morning
Erode,11.341,77.7172,Karaikudi,10.0735,78.7732,218.56906548819202,52,0.10041627975890155,1.3142569643979116,morning
Salem,11.6643,78.146,Sivakasi,9.4533,77.8024,298.44492269052824,77,0.19909648403902955,1.8583585999683323,morning
Salem,11.6643,78.146,Hosur,12.7409,77.8253,149.61968935674454,95,0.19388746881766683,2.1940818325538354,afternoon
Ooty,11.4102,76.695,Rajapalayam,9.4532,77.5521,284.3209951508812,66,0.24377334494007855,1.8411454603398183,morning
Karur,10.9601,78.0766,Coimbatore,11.0168,76.9558,147.00549664419748,33,0.27587823944467205,1.4856860709466966,night
Sivakasi,9.4533,77.8024,Thoothukudi,8.7642,78.1348,101.84584065789063,11,0.28303872646657835,2.3489346420461827,night
Thanjavur,10.787,79.1378,Kumbakonam,10.9602,79.3845,39.73850779905476,81,0.22897527238277557,1.8636220812763815,night
Kumbakonam,10.9602,79.3845,Vaniyambadi,12.6844,78.6158,251.01589017495428,66,0.1139520117412445,1.91539124717071,evening
Karaikudi,10.0735,78.7732,Tiruchirappalli,10.7905,78.7047,96.0934807136418,52,0.26397365583019883,2.1815711962932642,morning
Tiruppur,11.1085,77.3411,Tiruchirappalli,10.7905,78.7047,183.6079734008431,77,0.20043052178547338,2.4905124499352156,evening
Chennai,13.0827,80.2707,Karaikudi,10.0735,78.7732,446.69274568166776,89,0.22011918691482987,1.7878216191482976,morning
Sivakasi,9.4533,77.8024,Nagercoil,8.1833,77.4119,177.11058534945525,78,0.24415621492085907,2.474287736606186,night
Thoothukudi,8.7642,78.1348,Kanchipuram,12.8342,79.7036,580.683143847999,60,0.1566934453537099,1.5197102166200964,morning
Kumarapalayam,11.4422,77.7088,Tiruvannamalai,12.2253,79.0747,206.73355245931143,32,0.11805288436957934,1.2511942270843612,morning
Thoothukudi,8.7642,78.1348,Vaniyambadi,12.6844,78.6158,526.8734137012966,66,0.19853740416374793,1.7529927834646426,afternoon
Coimbatore,11.0168,76.9558,Thoothukudi,8.7642,78.1348,338.17128244999566,91,0.1858183687744125,1.8367007541343872,afternoon
Karur,10.9601,78.0766,Chennai,13.0827,80.2707,402.74173319479576,69,0.13437715088314156,1.3127044976703568,afternoon
Nagercoil,8.1833,77.4119,Cuddalore,11.748,79.7714,567.7713572841715,34,0.11757986233557416,1.445664744240026,morning
Kanchipuram,12.8342,79.7036,Tiruppur,11.1085,77.3411,384.8549741957695,84,0.15767147039844912,1.8018489406669602,morning
Kumbakonam,10.9602,79.3845,Tirunelveli,8.7139,77.7567,368.2846142405459,99,0.12361138010938731,1.30494946839188,afternoon
Ooty,11.4102,76.695,Nagercoil,8.1833,77.4119,440.7725349422403,51,0.2432748021264464,2.2015155381838944,afternoon
Gudiyatham,12.9472,78.871,Kanchipuram,12.8342,79.7036,109.3416816456416,27,0.13799544141879497,2.018983572283858,afternoon
Coimbatore,11.0168,76.9558,Ranipet,12.9296,79.3324,401.7079775118701,24,0.2654954921063555,1.7071341972960994,afternoon
Rajapalayam,9.4532,77.5521,Salem,11.6643,78.146,305.1464649478744,50,0.1148801541374419,2.214779395105806,evening
Kumbakonam,10.9602,79.3845,Neyveli,11.5384,79.4812,78.18250234662524,91,0.16865987397451518,2.284004916803534,evening
Tirunelveli,8.7139,77.7567,Cuddalore,11.748,79.7714,483.60738159794937,51,0.2329696513372519,1.0025556821697843,afternoon
Pollachi,10.662,77.0065,Tiruchirappalli,10.7905,78.7047,223.29721616244652,15,0.2192961243898318,1.6023234845079175,morning
Cuddalore,11.748,79.7714,Chennai,13.0827,80.2707,189.60712883281832,40,0.12423349800115467,1.2742574713018882,afternoon
Vellore,12.9165,79.1325,Tiruvannamalai,12.2253,79.0747,92.53619942873225,40,0.11284670273438907,1.2515288231955055,night
Chennai,13.0827,80.2707,Vaniyambadi,12.6844,78.6158,221.7236269895946,50,0.17995072780480606,1.8408096280516135,afternoon
Neyveli,11.5384,79.4812,Karaikudi,10.0735,78.7732,216.3748098147194,72,0.2848098017220145,1.8608844091196304,evening
Coimbatore,11.0168,76.9558,Tiruppur,11.1085,77.3411,51.919159484766595,51,0.1154394569790288,1.2251228249620414,evening
Tiruvannamalai,12.2253,79.0747,Coimbatore,11.0168,76.9558,320.45894195368317,54,0.24493634438988585,1.9905186970684166,evening
Salem,11.6643,78.146,Karur,10.9601,78.0766,94.40188688112127,50,0.2096586402437735,2.4795093207055676,night
Coimbatore,11.0168,76.9558,Neyveli,11.5384,79.4812,337.7147363869849,19,0.24890079697782166,2.1587518297009956,night
Pollachi,10.662,77.0065,Ranipet,12.9296,79.3324,428.756058306548,27,0.26037776572301863,1.8805140122465085,afternoon
Thoothukudi,8.7642,78.1348,Thanjavur,10.787,79.1378,300.40759221751074,14,0.1337927554006984,1.2566264148247064,afternoon
Karur,10.9601,78.0766,Gudiyatham,12.9472,78.871,284.7023332420251,41,0.10418567765024084,1.8137229361192582,night
Gudiyatham,12.9472,78.871,Tiruvannamalai,12.2253,79.0747,99.91183448379437,92,0.25153868660464834,1.9289495009129045,afternoon
Kanchipuram,12.8342,79.7036,Tiruchirappalli,10.7905,78.7047,302.2972410286167,31,0.11815485499046413,2.157851986359377,morning
Hosur,12.7409,77.8253,Salem,11.6643,78.146,149.61968935674454,85,0.1565256719072688,1.3060011733722405,morning
Tiruvannamalai,12.2253,79.0747,Salem,11.6643,78.146,142.4841063079886,81,0.27663152504311145,2.40509542195326,night
Salem,11.6643,78.146,Kanchipuram,12.8342,79.7036,256.16101373606017,59,0.1578379779983318,1.1081487775453023,evening
Thanjavur,10.787,79.1378,Kanchipuram,12.8342,79.7036,282.98402055694925,25,0.11897167547364462,1.7641415743564741,evening
Gudiyatham,12.9472,78.871,Karur,10.9601,78.0766,284.7023332420251,25,0.23324227236141284,1.17023640397263,morning
Neyveli,11.5384,79.4812,Cuddalore,11.748,79.7714,47.12276407805837,80,0.22988546340836286,1.7026854111501832,evening
Gudiyatham,12.9472,78.871,Tiruchirappalli,10.7905,78.7047,288.5949777738342,89,0.1997209577320349,1.337721297203756,morning
Sivakasi,9.4533,77.8024,Rajapalayam,9.4532,77.5521,32.94495649731912,43,0.20049338878771591,1.7940547182112008,afternoon
Kanchipuram,12.8342,79.7036,Neyveli,11.5384,79.4812,175.31982755298523,96,0.20530672433854474,2.2931837107944193,night
Sivakasi,9.4533,77.8024,Madurai,9.9252,78.1198,75.5497675750886,69,0.19688330556328615,2.2832014400846385,morning
Madurai,9.9252,78.1198,Gudiyatham,12.9472,78.871,415.03007540805356,36,0.12598430040469563,2.3025598918384746,evening
Ooty,11.4102,76.695,Ranipet,12.9296,79.3324,399.2959390736444,65,0.27250701564428276,1.1506458314677217,evening
Kanchipuram,12.8342,79.7036,Kumarapalayam,11.4422,77.7088,319.70511527109346,74,0.1358082601753894,2.041404130036468,afternoon
Tiruchirappalli,10.7905,78.7047,Salem,11.6643,78.146,137.62673210613622,27,0.299306539628477,1.0720976505688962,afternoon
Madurai,9.9252,78.1198,Vaniyambadi,12.6844,78.6158,373.8459063273469,36,0.14114876513577868,2.3843778870364707,afternoon
Thanjavur,10.787,79.1378,Coimbatore,11.0168,76.9558,287.5370087556579,62,0.24140676229234456,1.4460775380421929,morning
Neyveli,11.5384,79.4812,Thoothukudi,8.7642,78.1348,410.23687977517636,92,0.16386610292162856,1.5626626297182407,afternoon
Vaniyambadi,12.6844,78.6158,Thanjavur,10.787,79.1378,262.2005543270979,71,0.19841974719581298,2.241740300628302,morning
Cuddalore,11.748,79.7714,Ranipet,12.9296,79.3324,167.72868850977017,76,0.19328805325836804,2.064260406765942,night
Erode,11.341,77.7172,Dindigul,10.3673,77.9803,134.42146324282297,48,0.27137994256778775,1.7767918380049554,morning
Karaikudi,10.0735,78.7732,Vaniyambadi,12.6844,78.6158,348.9903847045502,46,0.21645140736186835,2.2463126933490987,afternoon
Sivakasi,9.4533,77.8024,Pudukkottai,10.3797,78.8208,182.20312140456554,45,0.1107233008761735,1.9011995189750857,night
Kumarapalayam,11.4422,77.7088,Neyveli,11.5384,79.4812,232.11328465630282,58,0.1886851204828468,2.4555395174869497,night
Salem,11.6643,78.146,Hosur,12.7409,77.8253,149.61968935674454,58,0.2972115268020488,1.2182542442582274,morning
Tiruppur,11.1085,77.3411,Gudiyatham,12.9472,78.871,316.3128731405365,11,0.10347373263688578,1.5191035147066712,afternoon
Kanchipuram,12.8342,79.7036,Dindigul,10.3673,77.9803,398.84831839042187,47,0.2568935512392889,2.4551029051884794,evening
Hosur,12.7409,77.8253,Cuddalore,11.748,79.7714,286.267421061234,34,0.187112070525493,1.327751160545984,afternoon
Salem,11.6643,78.146,Sivakasi,9.4533,77.8024,298.44492269052824,99,0.1775021850366235,2.1330824491614604,morning
Ooty,11.4102,76.695,Cuddalore,11.748,79.7714,404.65747111824294,89,0.2113719719565415,1.4572358654689825,afternoon
Vaniyambadi,12.6844,78.6158,Ooty,11.4102,76.695,302.87298318998745,52,0.13944079113331437,1.9587230872912087,evening
Vellore,12.9165,79.1325,Salem,11.6643,78.146,210.85288885348567,59,0.21627195038081803,1.3412914816837258,night
Kanchipuram,12.8342,79.7036,Vellore,12.9165,79.1325,75.0953860652363,85,0.12379019546204995,1.5165474505837433,evening
Kumbakonam,10.9602,79.3845,Salem,11.6643,78.146,187.311782641292,37,0.2199297516699067,1.945664997993244,evening
Kanchipuram,12.8342,79.7036,Thoothukudi,8.7642,78.1348,580.683143847999,37,0.26619219928031457,1.6101619557598574,night
Tiruppur,11.1085,77.3411,Erode,11.341,77.7172,58.185049806799974,67,0.27122535552311683,2.029144726996685,night
Gudiyatham,12.9472,78.871,Thanjavur,10.787,79.1378,290.34148938375347,84,0.14980347760961954,2.0752717574874544,night
Neyveli,11.5384,79.4812,Sivakasi,9.4533,77.8024,354.8476380575631,16,0.10683618480925257,1.2224593583090546,afternoon
Chennai,13.0827,80.2707,Karaikudi,10.0735,78.7732,446.69274568166776,13,0.25006201082361734,1.921339041011942,morning
Thanjavur,10.787,79.1378,Nagercoil,8.1833,77.4119,415.07484283901186,88,0.16942611004410085,1.8279161109621,morning
Gudiyatham,12.9472,78.871,Dindigul,10.3673,77.9803,363.3887091242773,29,0.24252118670208622,1.6743540322301451,evening
Tiruppur,11.1085,77.3411,Nagercoil,8.1833,77.4119,390.431954021973,41,0.22199692794456524,1.9805887908165072,afternoon
Thoothukudi,8.7642,78.1348,Tiruppur,11.1085,77.3411,329.74248642929575,63,0.27993279409730754,2.1501344807151708,evening
Tiruchirappalli,10.7905,78.7047,Vellore,12.9165,79.1325,289.1283533856956,47,0.2500812293449185,1.4324517024292533,afternoon
Ooty,11.4102,76.695,Hosur,12.7409,77.8253,230.81995578971367,67,0.10543144792168341,2.0937340241892732,night
Cuddalore,11.748,79.7714,Coimbatore,11.0168,76.9558,381.0070973502141,72,0.26339776149495425,1.5133672516226173,night
Chennai,13.0827,80.2707,Karur,10.9601,78.0766,402.74173319479576,67,0.28684312690122843,2.425004203516209,evening
Karur,10.9601,78.0766,Tiruchirappalli,10.7905,78.7047,85.35911404833492,22,0.22520878792684437,2.3527670203696447,night
Pudukkottai,10.3797,78.8208,Ranipet,12.9296,79.3324,346.7484165425521,95,0.1605956017100375,1.0619998287646426,afternoon
Coimbatore,11.0168,76.9558,Thanjavur,10.787,79.1378,287.5370087556579,40,0.18399659046496275,1.8128624084028162,night
Sivakasi,9.4533,77.8024,Karaikudi,10.0735,78.7732,152.13735663239973,15,0.2839708009505117,2.2984203943040997,afternoon
Sivakasi,9.4533,77.8024,Cuddalore,11.748,79.7714,400.54269805469073,33,0.2987730758253052,1.669501914809773,afternoon
Pudukkottai,10.3797,78.8208,Nagercoil,8.1833,77.4119,346.8583241555101,17,0.1842219339429356,1.22326168888762,evening
Chennai,13.0827,80.2707,Ooty,11.4102,76.695,516.8983507770823,43,0.22361799627697376,1.3534356131607517,morning
Tiruppur,11.1085,77.3411,Karaikudi,10.0735,78.7732,233.13886550099858,41,0.23495114950140114,1.7040630226731248,morning
Tiruchirappalli,10.7905,78.7047,Pollachi,10.662,77.0065,223.29721616244652,82,0.12289284085086545,1.1637793697467282,night
Erode,11.341,77.7172,Tiruppur,11.1085,77.3411,58.185049806799974,83,0.20008637589346906,1.3184632872553603,evening
Vellore,12.9165,79.1325,Hosur,12.7409,77.8253,171.67708558705985,78,0.11081128567171289,1.0094555646681913,evening
Sivakasi,9.4533,77.8024,Dindigul,10.3673,77.9803,124.18004312941255,92,0.12200490091930094,2.485061596894468,afternoon
Cuddalore,11.748,79.7714,Ranipet,12.9296,79.3324,167.72868850977017,70,0.14172298163742447,1.9036718493340297,night
Chennai,13.0827,80.2707,Karur,10.9601,78.0766,402.74173319479576,57,0.12367915122348727,1.948610428588854,afternoon
Tiruchirappalli,10.7905,78.7047,Hosur,12.7409,77.8253,284.473086365674,16,0.17127888193560661,1.0629036711295112,evening
Sivakasi,9.4533,77.8024,Kumbakonam,10.9602,79.3845,289.1249674235535,57,0.13380496068492814,1.0898671410511445,afternoon
Thoothukudi,8.7642,78.1348,Tirunelveli,8.7139,77.7567,50.31530547908347,82,0.21322353833561242,2.401888023705842,afternoon
Tiruvannamalai,12.2253,79.0747,Ooty,11.4102,76.695,329.27918891397735,94,0.25970241278151884,1.5642827732030526,morning
Hosur,12.7409,77.8253,Salem,11.6643,78.146,149.61968935674454,64,0.14524557294773172,1.5028429755479034,morning
Hosur,12.7409,77.8253,Vaniyambadi,12.6844,78.6158,103.16955837048951,92,0.15121919659079638,1.3101659363049551,morning
Rajapalayam,9.4532,77.5521,Thoothukudi,8.7642,78.1348,119.77480025279343,60,0.25274110640888203,1.6888887299161672,evening
Rajapalayam,9.4532,77.5521,Thoothukudi,8.7642,78.1348,119.77480025279343,14,0.2844883112240435,1.6333506608141763,night
Neyveli,11.5384,79.4812,Karur,10.9601,78.0766,199.3589818094775,84,0.25165064847582164,1.9124843599880919,evening
Gudiyatham,12.9472,78.871,Rajapalayam,9.4532,77.5521,497.143354088485,65,0.25994175053565205,1.1757039481282892,evening
Thoothukudi,8.7642,78.1348,Gudiyatham,12.9472,78.871,566.4265109545868,69,0.2251717408035772,1.0961232585858476,afternoon
Ranipet,12.9296,79.3324,Hosur,12.7409,77.8253,197.68308420401564,23,0.23733900680126632,1.7619619581549626,morning
Dindigul,10.3673,77.9803,Chennai,13.0827,80.2707,469.89963704139626,34,0.2805031687385583,1.8378595191573177,afternoon
Erode,11.341,77.7172,Vaniyambadi,12.6844,78.6158,214.2097071671642,46,0.2775708410557016,1.1725003834545356,morning
Neyveli,11.5384,79.4812,Cuddalore,11.748,79.7714,47.12276407805837,27,0.2290774001655739,1.4278526695610552,afternoon
Tiruchirappalli,10.7905,78.7047,Tiruppur,11.1085,77.3411,183.6079734008431,69,0.10720163034121916,1.964003083127726,night
Karaikudi,10.0735,78.7732,Thoothukudi,8.7642,78.1348,193.8647036858513,64,0.12128814045213594,1.5363758570570167,evening
Thoothukudi,8.7642,78.1348,Hosur,12.7409,77.8253,532.1748204872482,60,0.14788468370726154,1.4085281380052161,night
Thoothukudi,8.7642,78.1348,Vaniyambadi,12.6844,78.6158,526.8734137012966,89,0.11125280837104874,2.407333398300301,afternoon
Cuddalore,11.748,79.7714,Kanchipuram,12.8342,79.7036,145.2052092145846,40,0.21013790070927918,1.8901543577960118,night
Ranipet,12.9296,79.3324,Vellore,12.9165,79.1325,26.05653206556814,25,0.11294579230526525,1.7062495845929166,evening
Vellore,12.9165,79.1325,Kumbakonam,10.9602,79.3845,263.1014135106417,44,0.2533078512130184,1.4810339461956734,afternoon
Tiruppur,11.1085,77.3411,Kumbakonam,10.9602,79.3845,268.3481000133371,50,0.16069538719031728,2.1833366561885175,morning
Thoothukudi,8.7642,78.1348,Salem,11.6643,78.146,386.9744824584862,12,0.17683703232303905,1.8215318667788682,evening
Thanjavur,10.787,79.1378,Pollachi,10.662,77.0065,279.9171361736575,15,0.295800322706958,1.887982874718721,afternoon
Dindigul,10.3673,77.9803,Coimbatore,11.0168,76.9558,159.8596605944362,46,0.15392394005019888,1.920841040987884,night
Kumarapalayam,11.4422,77.7088,Ranipet,12.9296,79.3324,290.2245080913988,68,0.2979636012766099,2.106783956803318,evening
Vaniyambadi,12.6844,78.6158,Kumarapalayam,11.4422,77.7088,203.66677754520447,13,0.2958933214145255,2.0366449677255174,evening
Thanjavur,10.787,79.1378,Kanchipuram,12.8342,79.7036,282.98402055694925,75,0.12550034077299901,1.3455291557658209,morning
Ooty,11.4102,76.695,Kanchipuram,12.8342,79.7036,436.05921224749176,36,0.29397311865483267,1.0743319146346166,morning
Cuddalore,11.748,79.7714,Tiruchirappalli,10.7905,78.7047,189.23037474474071,96,0.21279263026512346,2.0815171908016525,night
Thanjavur,10.787,79.1378,Kanchipuram,12.8342,79.7036,282.98402055694925,32,0.28507515142625894,2.3493804835543877,morning
Ranipet,12.9296,79.3324,Vaniyambadi,12.6844,78.6158,98.81364984083737,19,0.12391314835670722,1.8604412309600185,evening
Hosur,12.7409,77.8253,Tiruppur,11.1085,77.3411,226.8043861949036,35,0.26969445290722655,2.494162284615382,morning
Vaniyambadi,12.6844,78.6158,Madurai,9.9252,78.1198,373.8459063273469,50,0.2958106854970022,1.5043898315750797,afternoon
Kumbakonam,10.9602,79.3845,Gudiyatham,12.9472,78.871,273.4747712907361,20,0.2087860822439308,2.299944652485109,afternoon
Tiruppur,11.1085,77.3411,Salem,11.6643,78.146,128.78414000239164,26,0.2516430654429741,2.4038732709963506,night
Vaniyambadi,12.6844,78.6158,Kanchipuram,12.8342,79.7036,142.9691862521534,22,0.2923063301348465,2.0016867556647986,evening
Kumbakonam,10.9602,79.3845,Gudiyatham,12.9472,78.871,273.4747712907361,16,0.1445322341940393,1.0412809593513908,morning
Hosur,12.7409,77.8253,Salem,11.6643,78.146,149.61968935674454,82,0.2356113888776308,1.4148298351201816,evening
Cuddalore,11.748,79.7714,Pudukkottai,10.3797,78.8208,220.97559573320694,81,0.23357867089663548,2.350054259686935,afternoon
Vellore,12.9165,79.1325,Rajapalayam,9.4532,77.5521,506.29879307789645,47,0.12576685710768876,1.189065340163225,evening
Vaniyambadi,12.6844,78.6158,Coimbatore,11.0168,76.9558,310.64776975481277,77,0.1668007406722318,2.470846946725643,evening
Tiruchirappalli,10.7905,78.7047,Rajapalayam,9.4532,77.5521,234.01439810389968,45,0.1914789164393242,1.8907915466748886,morning
Cuddalore,11.748,79.7714,Chennai,13.0827,80.2707,189.60712883281832,97,0.1809114981409511,1.395459486552269,evening
Tirunelveli,8.7139,77.7567,Ooty,11.4102,76.695,385.86657318173746,73,0.13600072877618943,1.2735239812134926,evening
Kumbakonam,10.9602,79.3845,Dindigul,10.3673,77.9803,200.40730319314127,45,0.1980940084083212,1.5598144149689253,morning
Coimbatore,11.0168,76.9558,Kumarapalayam,11.4422,77.7088,113.72985961372184,67,0.25113903494226836,1.2321741229618375,afternoon
Kumbakonam,10.9602,79.3845,Pudukkottai,10.3797,78.8208,107.06705046634954,96,0.16262974649649226,1.4598822640019942,evening
Thanjavur,10.787,79.1378,Karaikudi,10.0735,78.7732,106.55152752687238,24,0.22754544709986926,1.3002733202746533,evening
Tiruppur,11.1085,77.3411,Tirunelveli,8.7139,77.7567,324.15622852018714,16,0.19565309992704938,2.0043125819442307,morning
Kanchipuram,12.8342,79.7036,Tirunelveli,8.7139,77.7567,606.1054529615011,75,0.20324496748488674,1.5141711861361014,afternoon
Ranipet,12.9296,79.3324,Erode,11.341,77.7172,298.8752344705386,41,0.24180343347867378,2.0503407349486515,evening
Ranipet,12.9296,79.3324,Rajapalayam,9.4532,77.5521,519.0969660638265,45,0.2002376446671818,1.5211665562185561,night
Ranipet,12.9296,79.3324,Madurai,9.9252,78.1198,431.1120160763974,76,0.2882817751047292,1.4448383403899525,night
Nagercoil,8.1833,77.4119,Neyveli,11.5384,79.4812,523.8331352654343,61,0.1743071501352105,2.110318175231573,evening
Rajapalayam,9.4532,77.5521,Gudiyatham,12.9472,78.871,497.143354088485,71,0.11672145224474176,1.2234273142863836,evening
Madurai,9.9252,78.1198,Vellore,12.9165,79.1325,420.53858077562194,81,0.2604756903792146,1.1869266109025456,morning
Pollachi,10.662,77.0065,Thoothukudi,8.7642,78.1348,293.5043920277049,25,0.17316928040496976,1.50693180688498,afternoon
Salem,11.6643,78.146,Tiruchirappalli,10.7905,78.7047,137.62673210613622,45,0.29293168358606647,2.1913028245407644,evening
Gudiyatham,12.9472,78.871,Ranipet,12.9296,79.3324,60.04925023247395,97,0.24276591898196645,2.4423109192969163,evening
Karur,10.9601,78.0766,Pudukkottai,10.3797,78.8208,124.58088451180754,13,0.20563384652150318,1.4617108009567394,afternoon
Tiruchirappalli,10.7905,78.7047,Sivakasi,9.4533,77.8024,214.2046143879288,50,0.16431437648605834,1.053864228456948,afternoon
Pudukkottai,10.3797,78.8208,Vellore,12.9165,79.1325,340.9369224372753,14,0.2761502234070746,2.1884596440531934,evening
Gudiyatham,12.9472,78.871,Ranipet,12.9296,79.3324,60.04925023247395,69,0.14886643532593657,2.171266255168203,evening
Tiruvannamalai,12.2253,79.0747,Vellore,12.9165,79.1325,92.53619942873225,47,0.12593589647786038,2.0283271495757416,night
Ooty,11.4102,76.695,Vellore,12.9165,79.1325,376.1362287016919,10,0.23452046356750714,2.24395587345109,afternoon
Tiruppur,11.1085,77.3411,Kanchipuram,12.8342,79.7036,384.8549741957695,30,0.11139409780816141,2.4488907296779727,evening
Salem,11.6643,78.146,Pollachi,10.662,77.0065,200.34466033180243,49,0.11831002716115885,2.123392385976775,evening
Vellore,12.9165,79.1325,Pollachi,10.662,77.0065,409.39033157058714,64,0.1926867398907004,1.3219563829411518,night
Cuddalore,11.748,79.7714,Kumbakonam,10.9602,79.3845,116.67008749269743,20,0.1793470745661187,1.8526044302843523,afternoon
Ranipet,12.9296,79.3324,Dindigul,10.3673,77.9803,384.85206987197745,13,0.27622910009903356,2.2400201445115986,evening
Tirunelveli,8.7139,77.7567,Pollachi,10.662,77.0065,278.03920710374854,26,0.11048131206525047,1.7582180009823096,night
Cuddalore,11.748,79.7714,Vaniyambadi,12.6844,78.6158,195.7630061025309,37,0.19124197026083017,2.3553003791353904,morning
Karaikudi,10.0735,78.7732,Thoothukudi,8.7642,78.1348,193.8647036858513,97,0.11953589379909353,1.3247560429736636,morning
Madurai,9.9252,78.1198,Tiruchirappalli,10.7905,78.7047,138.65484684953202,46,0.15893336123940072,1.7380138243320005,evening
Rajapalayam,9.4532,77.5521,Kumarapalayam,11.4422,77.7088,266.19533075492507,39,0.18220874096819464,1.2134916135435088,evening
Tiruppur,11.1085,77.3411,Vaniyambadi,12.6844,78.6158,268.1709048319414,86,0.1383486941345405,1.0502847230632826,night
Kanchipuram,12.8342,79.7036,Karaikudi,10.0735,78.7732,387.94155951089954,29,0.2743524736157239,1.103810259039377,evening
Hosur,12.7409,77.8253,Vaniyambadi,12.6844,78.6158,103.16955837048951,93,0.2919217091960736,1.213788528474853,evening
Nagercoil,8.1833,77.4119,Salem,11.6643,78.146,474.3961649277052,66,0.22564716776785348,2.023109252851691,evening
Dindigul,10.3673,77.9803,Salem,11.6643,78.146,174.41919112094973,33,0.13679018879613006,1.685429712389494,morning
Tirunelveli,8.7139,77.7567,Pollachi,10.662,77.0065,278.03920710374854,64,0.2809264482484507,1.077865963437652,evening
Coimbatore,11.0168,76.9558,Cuddalore,11.748,79.7714,381.0070973502141,92,0.13383104956889808,1.338897458236481,night
Nagercoil,8.1833,77.4119,Thanjavur,10.787,79.1378,415.07484283901186,40,0.11507011290411653,2.010145656491928,afternoon
Thanjavur,10.787,79.1378,Nagercoil,8.1833,77.4119,415.07484283901186,22,0.2566074228598507,1.667864764479076,afternoon
Sivakasi,9.4533,77.8024,Rajapalayam,9.4532,77.5521,32.94495649731912,22,0.26580826710219396,1.0429501618514725,afternoon
Tirunelveli,8.7139,77.7567,Vaniyambadi,12.6844,78.6158,541.6359869581219,93,0.10839145325299027,2.286685329352993,night
Pollachi,10.662,77.0065,Nagercoil,8.1833,77.4119,335.0193333420743,38,0.1072893015992626,1.253960173099506,evening
Coimbatore,11.0168,76.9558,Pudukkottai,10.3797,78.8208,258.8827646388479,31,0.14257267780742816,1.542945029284548,night
Pollachi,10.662,77.0065,Pudukkottai,10.3797,78.8208,240.98090597593034,44,0.1547675116123964,2.4091159208687265,afternoon
Dindigul,10.3673,77.9803,Sivakasi,9.4533,77.8024,124.18004312941255,63,0.19022715677833202,1.7564718790599416,evening
Vaniyambadi,12.6844,78.6158,Hosur,12.7409,77.8253,103.16955837048951,67,0.22563716950316,1.4047945374255997,afternoon
Madurai,9.9252,78.1198,Hosur,12.7409,77.8253,377.6799366081379,55,0.15229798699702135,1.9412529201099509,night
Tiruchirappalli,10.7905,78.7047,Nagercoil,8.1833,77.4119,387.2599209162884,99,0.15994324093628232,1.808862140387016,morning
Kumbakonam,10.9602,79.3845,Ranipet,12.9296,79.3324,262.87273808954376,58,0.15326474638685703,1.2677624590637022,afternoon
Cuddalore,11.748,79.7714,Tiruvannamalai,12.2253,79.0747,111.02044172005998,55,0.22855120099943566,1.5879913134452375,morning
Madurai,9.9252,78.1198,Tiruchirappalli,10.7905,78.7047,138.65484684953202,64,0.17217343668356028,1.1977247494248715,evening
Salem,11.6643,78.146,Kanchipuram,12.8342,79.7036,256.16101373606017,12,0.23290634023572324,2.1229067137334017,morning
Salem,11.6643,78.146,Erode,11.341,77.7172,70.74263879079777,17,0.1748822802111398,1.4126856110081296,afternoon
Nagercoil,8.1833,77.4119,Gudiyatham,12.9472,78.871,663.8364464642073,93,0.1661959526400163,2.3775172758782332,afternoon
Tiruvannamalai,12.2253,79.0747,Coimbatore,11.0168,76.9558,320.45894195368317,55,0.2923444810295778,2.1107602133970547,afternoon
Salem,11.6643,78.146,Dindigul,10.3673,77.9803,174.41919112094973,49,0.10328845386476636,2.411161244484381,afternoon
Vellore,12.9165,79.1325,Tiruvannamalai,12.2253,79.0747,92.53619942873225,73,0.1293651303420265,2.0342219679273903,night
Kanchipuram,12.8342,79.7036,Hosur,12.7409,77.8253,244.72897454762142,19,0.24180332184171627,2.091094216534624,afternoon
Erode,11.341,77.7172,Tiruchirappalli,10.7905,78.7047,148.72187539051959,25,0.13215354831339793,1.2751735141218359,night
Pudukkottai,10.3797,78.8208,Kumarapalayam,11.4422,77.7088,203.289002733651,60,0.1064513721688162,1.1240116114489478,evening
Thoothukudi,8.7642,78.1348,Tiruppur,11.1085,77.3411,329.74248642929575,48,0.1067063940520539,2.119837961966184,morning
Ooty,11.4102,76.695,Thoothukudi,8.7642,78.1348,400.53190621614607,53,0.24018826396591003,1.1630040945703064,night
Dindigul,10.3673,77.9803,Madurai,9.9252,78.1198,61.7712044494731,75,0.10653579882837544,1.7840257377021778,night
Erode,11.341,77.7172,Cuddalore,11.748,79.7714,273.98966297128027,68,0.1568500209574818,1.03443108943108,night
Thanjavur,10.787,79.1378,Coimbatore,11.0168,76.9558,287.5370087556579,72,0.15830030102686116,1.1436271266894642,morning
Salem,11.6643,78.146,Kumbakonam,10.9602,79.3845,187.311782641292,36,0.10554873989847256,1.0543622123862004,morning
Kanchipuram,12.8342,79.7036,Pollachi,10.662,77.0065,456.22366710464627,44,0.1937435551940161,2.3557102144719737,morning
Nagercoil,8.1833,77.4119,Salem,11.6643,78.146,474.3961649277052,11,0.2032857185023944,2.0371993999487046,morning
Ranipet,12.9296,79.3324,Kumarapalayam,11.4422,77.7088,290.2245080913988,72,0.29054268125221994,1.0791915376803094,afternoon
Tiruppur,11.1085,77.3411,Salem,11.6643,78.146,128.78414000239164,98,0.15128353767832886,2.1235018985551397,night
Sivakasi,9.4533,77.8024,Kumarapalayam,11.4422,77.7088,265.6707434280885,39,0.1741222785092828,2.0434898762719973,afternoon
Tiruvannamalai,12.2253,79.0747,Ranipet,12.9296,79.3324,99.79017222792328,48,0.24191747196696203,2.217073084920511,morning
Tiruchirappalli,10.7905,78.7047,Vellore,12.9165,79.1325,289.1283533856956,22,0.2644514071171514,1.6026493411201927,morning
Sivakasi,9.4533,77.8024,Tirunelveli,8.7139,77.7567,98.8446109815033,52,0.16189446470143862,1.8853218992826992,evening
Tirunelveli,8.7139,77.7567,Coimbatore,11.0168,76.9558,324.81958180350034,90,0.12303378276755705,2.449790121657884,evening
Sivakasi,9.4533,77.8024,Nagercoil,8.1833,77.4119,177.11058534945525,26,0.22053060398021204,1.123371102096192,evening
Tiruvannamalai,12.2253,79.0747,Ooty,11.4102,76.695,329.27918891397735,61,0.17895615431529327,1.1977709203730242,morning
Chennai,13.0827,80.2707,Kumarapalayam,11.4422,77.7088,399.3658742113254,14,0.279506005280113,2.2443959571240724,morning
Tiruvannamalai,12.2253,79.0747,Nagercoil,8.1833,77.4119,581.8493733324436,10,0.18794304367422293,2.1220894845793126,night
Tiruchirappalli,10.7905,78.7047,Kumarapalayam,11.4422,77.7088,156.72941368760098,15,0.2679084845984407,1.644877609448892,afternoon
Dindigul,10.3673,77.9803,Kumarapalayam,11.4422,77.7088,147.7735805280324,19,0.11038177527563518,1.4869486786406192,afternoon
Kanchipuram,12.8342,79.7036,Tiruppur,11.1085,77.3411,384.8549741957695,57,0.1406937664769778,2.3195861381911076,night
Gudiyatham,12.9472,78.871,Thanjavur,10.787,79.1378,290.34148938375347,74,0.2291455665845303,2.3252555569169964,night
Kumbakonam,10.9602,79.3845,Hosur,12.7409,77.8253,312.90900912986564,54,0.2189103555896892,1.2949597371427912,afternoon
Kumbakonam,10.9602,79.3845,Kumarapalayam,11.4422,77.7088,228.5700222865868,71,0.29328004725526513,2.0729611561624735,afternoon
Tiruvannamalai,12.2253,79.0747,Kumarapalayam,11.4422,77.7088,206.73355245931143,89,0.21969722311741688,2.154592873196194,afternoon
Tiruchirappalli,10.7905,78.7047,Rajapalayam,9.4532,77.5521,234.01439810389968,74,0.239340547261825,1.1568735228059672,morning
Tiruppur,11.1085,77.3411,Chennai,13.0827,80.2707,464.19225544328094,42,0.295570878587761,2.4428400730389868,afternoon
Madurai,9.9252,78.1198,Pollachi,10.662,77.0065,176.14870261576888,73,0.21431949212605111,1.7709743213799665,night
Gudiyatham,12.9472,78.871,Kumarapalayam,11.4422,77.7088,251.59913942091242,67,0.2894471661918474,1.8374438725261686,evening
Nagercoil,8.1833,77.4119,Tirunelveli,8.7139,77.7567,84.16456492010933,99,0.12303990363472239,1.6076032027561384,afternoon
Tirunelveli,8.7139,77.7567,Ranipet,12.9296,79.3324,599.2093224270603,71,0.2742073183698176,2.2360320881811386,afternoon
Kanchipuram,12.8342,79.7036,Thanjavur,10.787,79.1378,282.98402055694925,53,0.18595832003567953,2.460483849565586,morning
Dindigul,10.3673,77.9803,Pudukkottai,10.3797,78.8208,110.3304505875963,13,0.13894260674819398,2.0618794375613754,night
Pollachi,10.662,77.0065,Tiruvannamalai,12.2253,79.0747,341.56673117775745,61,0.1551331064112776,1.0810532146174854,night
Tiruchirappalli,10.7905,78.7047,Sivakasi,9.4533,77.8024,214.2046143879288,34,0.1985627461933565,1.9535921650049182,night
Sivakasi,9.4533,77.8024,Cuddalore,11.748,79.7714,400.54269805469073,72,0.21600494489419597,1.0607415885249314,afternoon
Pollachi,10.662,77.0065,Pudukkottai,10.3797,78.8208,240.98090597593034,66,0.17593036762180964,2.0495422295885275,morning
Kanchipuram,12.8342,79.7036,Kumbakonam,10.9602,79.3845,253.50207631495107,65,0.12324911004091509,1.8877520951902667,afternoon
Sivakasi,9.4533,77.8024,Coimbatore,11.0168,76.9558,236.39229022452804,30,0.14335964533844803,1.7569087875698388,night
Dindigul,10.3673,77.9803,Vellore,12.9165,79.1325,371.9836710578331,53,0.22191387106222235,2.0955289072677976,evening
Vaniyambadi,12.6844,78.6158,Pudukkottai,10.3797,78.8208,308.6906786949494,97,0.25169968155444156,1.3190331731022389,evening
Coimbatore,11.0168,76.9558,Cuddalore,11.748,79.7714,381.0070973502141,54,0.2264451339856204,1.457229981263655,evening
Vaniyambadi,12.6844,78.6158,Thanjavur,10.787,79.1378,262.2005543270979,67,0.19293459275064245,1.5243787490974081,night
Kanchipuram,12.8342,79.7036,Erode,11.341,77.7172,326.90339052375015,26,0.21207004369577862,2.318403499476151,morning
Cuddalore,11.748,79.7714,Vaniyambadi,12.6844,78.6158,195.7630061025309,59,0.14088734367577763,1.2059372600031684,morning
Hosur,12.7409,77.8253,Tiruppur,11.1085,77.3411,226.8043861949036,51,0.26648559636251345,2.0485287279545887,morning
Ranipet,12.9296,79.3324,Cuddalore,11.748,79.7714,167.72868850977017,30,0.25182352998120655,2.460826822926452,evening
Karaikudi,10.0735,78.7732,Hosur,12.7409,77.8253,376.8938597113115,85,0.1578598480826145,1.38706041317208,morning
Chennai,13.0827,80.2707,Karaikudi,10.0735,78.7732,446.69274568166776,79,0.29108375120236407,2.0301412210056937,afternoon
Dindigul,10.3673,77.9803,Karaikudi,10.0735,78.7732,111.25651035693275,83,0.23361295455451553,2.2549759264031444,afternoon
Nagercoil,8.1833,77.4119,Gudiyatham,12.9472,78.871,663.8364464642073,39,0.2862673690371777,1.6734559668389415,night
Thoothukudi,8.7642,78.1348,Tiruchirappalli,10.7905,78.7047,280.56920497388296,49,0.23320466464324843,1.7543739539136989,afternoon
Erode,11.341,77.7172,Kanchipuram,12.8342,79.7036,326.90339052375015,28,0.20729086526466012,1.335196167074101,night
Tiruchirappalli,10.7905,78.7047,Karur,10.9601,78.0766,85.35911404833492,56,0.1919811111620593,1.0455792815865177,night
Kanchipuram,12.8342,79.7036,Karur,10.9601,78.0766,328.11215142649803,21,0.24862836416223816,1.4791279503834507,afternoon
Dindigul,10.3673,77.9803,Vellore,12.9165,79.1325,371.9836710578331,32,0.26633683513793793,1.4284845666835895,afternoon
Ranipet,12.9296,79.3324,Coimbatore,11.0168,76.9558,401.7079775118701,24,0.19916963669307838,2.147561310676249,morning
Ranipet,12.9296,79.3324,Coimbatore,11.0168,76.9558,401.7079775118701,17,0.16687092738438536,2.2005826469411542,night
Tirunelveli,8.7139,77.7567,Rajapalayam,9.4532,77.5521,102.26485706637638,31,0.21137141103711263,1.1725532615910628,evening
Cuddalore,11.748,79.7714,Madurai,9.9252,78.1198,325.58174993096696,22,0.25260691930318124,1.832442956054234,evening
Hosur,12.7409,77.8253,Pollachi,10.662,77.0065,297.3092560994139,85,0.16745439416739563,1.239086361768298,morning
Gudiyatham,12.9472,78.871,Neyveli,11.5384,79.4812,204.12761494929865,94,0.16151179083909223,1.0079207025386998,evening
Ranipet,12.9296,79.3324,Karur,10.9601,78.0766,309.73451332599535,11,0.19616433899113705,1.634987655805166,night
Ooty,11.4102,76.695,Ranipet,12.9296,79.3324,399.2959390736444,15,0.15462643739281198,2.409949285453303,afternoon
Tiruppur,11.1085,77.3411,Coimbatore,11.0168,76.9558,51.919159484766595,68,0.25944367540581725,2.3697782675122783,afternoon
Tiruppur,11.1085,77.3411,Karur,10.9601,78.0766,98.34046805270852,83,0.21718282997285884,1.2199797340701128,evening
Tirunelveli,8.7139,77.7567,Ooty,11.4102,76.695,385.86657318173746,46,0.28328906122123054,1.4459285667605282,afternoon
Chennai,13.0827,80.2707,Hosur,12.7409,77.8253,321.3005381520016,48,0.23863217971695586,2.3441288575238657,night
Salem,11.6643,78.146,Neyveli,11.5384,79.4812,175.3277070280997,42,0.24840501235799198,1.9033707562768616,afternoon
Cuddalore,11.748,79.7714,Thanjavur,10.787,79.1378,152.70072653496103,88,0.16669632048842525,2.3493916332577536,evening
Ranipet,12.9296,79.3324,Thoothukudi,8.7642,78.1348,577.5289260183731,84,0.10574450788669996,1.2500800001271608,afternoon
Vaniyambadi,12.6844,78.6158,Karaikudi,10.0735,78.7732,348.9903847045502,48,0.10662890172399919,1.9686088018954586,afternoon
Rajapalayam,9.4532,77.5521,Pudukkottai,10.3797,78.8208,207.58419140633205,85,0.18424111460627918,1.9277791502720023,afternoon
Pudukkottai,10.3797,78.8208,Chennai,13.0827,80.2707,407.37984506979643,65,0.2362559843600994,1.330887181779567,evening
Ranipet,12.9296,79.3324,Coimbatore,11.0168,76.9558,401.7079775118701,35,0.2801261423969168,1.7706045562296189,evening
Dindigul,10.3673,77.9803,Vellore,12.9165,79.1325,371.9836710578331,29,0.2580156928514346,1.4630128665486137,afternoon
Dindigul,10.3673,77.9803,Chennai,13.0827,80.2707,469.89963704139626,13,0.2583431713682085,1.9155408816142105,evening
Tiruppur,11.1085,77.3411,Kumbakonam,10.9602,79.3845,268.3481000133371,29,0.17556854284938148,1.3909651438821795,night
Kanchipuram,12.8342,79.7036,Tiruvannamalai,12.2253,79.0747,115.37635657838919,57,0.27990297038212686,1.2017481319376744,night
Ranipet,12.9296,79.3324,Erode,11.341,77.7172,298.8752344705386,34,0.18054350769310323,1.8252334024401131,night
Rajapalayam,9.4532,77.5521,Ooty,11.4102,76.695,284.3209951508812,58,0.15628977306715028,1.6191317223253237,morning
Karur,10.9601,78.0766,Dindigul,10.3673,77.9803,80.10124516987709,45,0.2449132595488959,2.0429695055635637,evening
Kumbakonam,10.9602,79.3845,Cuddalore,11.748,79.7714,116.67008749269743,94,0.2837734360474614,1.2675080090174673,morning
Tirunelveli,8.7139,77.7567,Thanjavur,10.787,79.1378,330.91204825502007,70,0.19497627985591448,1.1053016338301047,night
Coimbatore,11.0168,76.9558,Vellore,12.9165,79.1325,380.75914669257367,98,0.28207271690842617,1.3782992744962606,night
Tiruvannamalai,12.2253,79.0747,Tirunelveli,8.7139,77.7567,499.42643379453716,68,0.12937061965863245,1.4210847359818468,morning
Tiruvannamalai,12.2253,79.0747,Erode,11.341,77.7172,212.98923336658765,10,0.2128846651955227,1.2825031784299314,morning
Gudiyatham,12.9472,78.871,Kumarapalayam,11.4422,77.7088,251.59913942091242,67,0.26951325519717106,2.1792164235580773,night
Thanjavur,10.787,79.1378,Hosur,12.7409,77.8253,312.03547556648914,53,0.2685618644075437,2.0382639533326414,morning
Karaikudi,10.0735,78.7732,Tiruppur,11.1085,77.3411,233.13886550099858,34,0.2695853923801109,1.2588388629098475,night
Vaniyambadi,12.6844,78.6158,Rajapalayam,9.4532,77.5521,453.087876107625,96,0.21444553543987893,2.368708880920848,evening
Kumarapalayam,11.4422,77.7088,Thoothukudi,8.7642,78.1348,361.6905896064298,90,0.13921382546136235,1.5800361951295798,afternoon
Tiruchirappalli,10.7905,78.7047,Thanjavur,10.787,79.1378,56.77064483794105,27,0.1450507907804721,1.5862324266905528,evening
Tiruvannamalai,12.2253,79.0747,Tiruppur,11.1085,77.3411,271.15658864425905,38,0.16403072732288232,1.66264055769905,evening
Gudiyatham,12.9472,78.871,Tiruchirappalli,10.7905,78.7047,288.5949777738342,85,0.2843558883236815,1.9187076614953502,evening
Karur,10.9601,78.0766,Tiruchirappalli,10.7905,78.7047,85.35911404833492,53,0.1585226153369319,1.3777301627027336,night
Pollachi,10.662,77.0065,Tiruppur,11.1085,77.3411,73.97177341374186,29,0.21031654607488148,1.2697188838316646,evening
Cuddalore,11.748,79.7714,Coimbatore,11.0168,76.9558,381.0070973502141,68,0.10940397544330607,1.8556442034634086,night
Gudiyatham,12.9472,78.871,Ooty,11.4102,76.695,350.15363946756236,28,0.22442833673888074,2.061539414044426,morning
Dindigul,10.3673,77.9803,Gudiyatham,12.9472,78.871,363.3887091242773,65,0.11730714368256945,1.7797239076768288,morning
Cuddalore,11.748,79.7714,Hosur,12.7409,77.8253,286.267421061234,47,0.21937434594759636,1.4652731309720144,night
Tiruppur,11.1085,77.3411,Gudiyatham,12.9472,78.871,316.3128731405365,23,0.14182129715382358,1.960563368816925,afternoon
Chennai,13.0827,80.2707,Ranipet,12.9296,79.3324,123.68771840842105,89,0.21895293693144402,2.4853409215540885,night
Tiruvannamalai,12.2253,79.0747,Karaikudi,10.0735,78.7732,289.8230967730608,98,0.20517883004567472,2.2810404184057846,morning
Karaikudi,10.0735,78.7732,Tiruvannamalai,12.2253,79.0747,289.8230967730608,84,0.19972559869413492,1.790300864097012,afternoon
Kanchipuram,12.8342,79.7036,Vellore,12.9165,79.1325,75.0953860652363,11,0.18791722012588596,1.746260114920781,morning
Karur,10.9601,78.0766,Thanjavur,10.787,79.1378,140.96281993782642,52,0.29860567207852173,1.7510493715751065,afternoon
Erode,11.341,77.7172,Thanjavur,10.787,79.1378,200.18100984290405,68,0.1851073389705078,2.072576162821254,morning
Salem,11.6643,78.146,Tiruppur,11.1085,77.3411,128.78414000239164,32,0.29315646967406084,1.7317653684273115,afternoon
Kumbakonam,10.9602,79.3845,Ooty,11.4102,76.695,357.13553458467817,69,0.1949999173200091,1.8837537725369178,night
Tiruppur,11.1085,77.3411,Neyveli,11.5384,79.4812,285.8174447753423,27,0.1771357794585829,1.45782184014831,afternoon
Erode,11.341,77.7172,Cuddalore,11.748,79.7714,273.98966297128027,69,0.11959884014587197,1.8255850804238416,night
Chennai,13.0827,80.2707,Pollachi,10.662,77.0065,534.7683328786308,95,0.2811467898723654,1.4565294468873913,evening
Nagercoil,8.1833,77.4119,Vaniyambadi,12.6844,78.6158,621.0190405881285,49,0.22978673958011853,2.318423607270869,morning
Ooty,11.4102,76.695,Tiruchirappalli,10.7905,78.7047,275.82940325295226,20,0.17264777675156232,1.5302525294561062,evening
Neyveli,11.5384,79.4812,Pollachi,10.662,77.0065,344.4832907450561,30,0.23645652898722427,1.5588110560017643,evening
Tiruchirappalli,10.7905,78.7047,Karur,10.9601,78.0766,85.35911404833492,63,0.18777646248530988,1.8556943242534731,morning
Kumbakonam,10.9602,79.3845,Kanchipuram,12.8342,79.7036,253.50207631495107,19,0.25069991564398897,1.794340049257011,evening
Tiruvannamalai,12.2253,79.0747,Tiruchirappalli,10.7905,78.7047,197.4684165816324,83,0.2610918766834156,2.1059767462347936,night
Pollachi,10.662,77.0065,Vellore,12.9165,79.1325,409.39033157058714,19,0.22525619593434257,1.869293908619131,morning
Erode,11.341,77.7172,Pollachi,10.662,77.0065,129.90012005345045,85,0.11024154792644869,1.913686993879124,evening
Tirunelveli,8.7139,77.7567,Cuddalore,11.748,79.7714,483.60738159794937,46,0.13457820396480416,1.587990191962926,evening
Thanjavur,10.787,79.1378,Kanchipuram,12.8342,79.7036,282.98402055694925,94,0.2790272423614707,2.2632293186860224,morning
Thoothukudi,8.7642,78.1348,Kumarapalayam,11.4422,77.7088,361.6905896064298,59,0.2582507401070522,2.0542071717987755,morning
Karur,10.9601,78.0766,Vaniyambadi,12.6844,78.6158,240.61504381253926,59,0.2734278991906861,1.5955500189222085,morning
Nagercoil,8.1833,77.4119,Coimbatore,11.0168,76.9558,382.8162657940433,10,0.19421282174905796,1.842388021310671,morning
Thanjavur,10.787,79.1378,Erode,11.341,77.7172,200.18100984290405,72,0.26931294025758545,1.0913236105006074,night
Madurai,9.9252,78.1198,Vaniyambadi,12.6844,78.6158,373.8459063273469,25,0.27368659715383953,1.7317825099762398,afternoon
Chennai,13.0827,80.2707,Kumarapalayam,11.4422,77.7088,399.3658742113254,14,0.19101945793277497,1.5036940810734134,night
Madurai,9.9252,78.1198,Hosur,12.7409,77.8253,377.6799366081379,35,0.18298633342174778,1.7438653222097735,afternoon
Pollachi,10.662,77.0065,Dindigul,10.3673,77.9803,133.67069546460291,41,0.17924617733468215,1.0933890234001542,evening
Neyveli,11.5384,79.4812,Erode,11.341,77.7172,232.19970610462212,79,0.19852174882910079,2.4881241541865133,night
Kumarapalayam,11.4422,77.7088,Kumbakonam,10.9602,79.3845,228.5700222865868,31,0.10536587612882659,2.35107385894081,evening
Neyveli,11.5384,79.4812,Tiruchirappalli,10.7905,78.7047,142.44917879913802,32,0.20864619694813902,1.775306267441903,afternoon
Ranipet,12.9296,79.3324,Madurai,9.9252,78.1198,431.1120160763974,97,0.15276083863778328,2.192298670476979,morning
Cuddalore,11.748,79.7714,Tiruvannamalai,12.2253,79.0747,111.02044172005998,70,0.23895310009936535,2.3093598708785077,afternoon
Rajapalayam,9.4532,77.5521,Tiruchirappalli,10.7905,78.7047,234.01439810389968,99,0.10645349595568919,1.2624970016726995,morning
Gudiyatham,12.9472,78.871,Vaniyambadi,12.6844,78.6158,48.29244199883923,28,0.2181559954160772,1.462498687899871,night
Hosur,12.7409,77.8253,Cuddalore,11.748,79.7714,286.267421061234,84,0.11633994403074317,1.8841785806097657,night
Cuddalore,11.748,79.7714,Chennai,13.0827,80.2707,189.60712883281832,53,0.24038968438725603,1.4717738803981948,morning
Tiruvannamalai,12.2253,79.0747,Ooty,11.4102,76.695,329.27918891397735,36,0.2994508279263858,1.792129544021074,afternoon
Ooty,11.4102,76.695,Cuddalore,11.748,79.7714,404.65747111824294,27,0.27005574569973234,1.9894531987114652,afternoon
Tirunelveli,8.7139,77.7567,Pollachi,10.662,77.0065,278.03920710374854,20,0.270048597493788,1.629117797670453,afternoon
Madurai,9.9252,78.1198,Salem,11.6643,78.146,232.08032286261783,85,0.17378608331082657,1.94222250241106,afternoon
Vellore,12.9165,79.1325,Ranipet,12.9296,79.3324,26.05653206556814,92,0.28566628436552793,1.2364915814600659,morning
Sivakasi,9.4533,77.8024,Erode,11.341,77.7172,252.13124901884603,52,0.24232736149136802,1.4356760974615699,morning
Pollachi,10.662,77.0065,Kanchipuram,12.8342,79.7036,456.22366710464627,42,0.17090922563786606,1.559309471130585,morning
Thoothukudi,8.7642,78.1348,Chennai,13.0827,80.2707,640.5572340860291,39,0.17335776641241935,2.1360601592820814,night
Nagercoil,8.1833,77.4119,Coimbatore,11.0168,76.9558,382.8162657940433,63,0.13939927663216717,2.124700241777075,afternoon
Karur,10.9601,78.0766,Chennai,13.0827,80.2707,402.74173319479576,74,0.28810064706061855,1.865216075311982,night
Karur,10.9601,78.0766,Ooty,11.4102,76.695,190.5616179017798,59,0.18004407490949312,1.8075521487792412,night
Karaikudi,10.0735,78.7732,Nagercoil,8.1833,77.4119,309.4738731195302,50,0.1803739895756904,1.9942480181594446,night
Kanchipuram,12.8342,79.7036,Nagercoil,8.1833,77.4119,689.5443100665044,97,0.23230074394151923,1.01241333957136,night
Thanjavur,10.787,79.1378,Karaikudi,10.0735,78.7732,106.55152752687238,39,0.2965840214246948,1.9791524807902185,afternoon
Pudukkottai,10.3797,78.8208,Neyveli,11.5384,79.4812,177.1676632939058,43,0.1294074592603765,1.98896807320356,morning
Erode,11.341,77.7172,Tiruppur,11.1085,77.3411,58.185049806799974,58,0.18680234653551242,1.3396034126360674,evening
Thanjavur,10.787,79.1378,Salem,11.6643,78.146,174.79446080074368,24,0.1705238773908808,1.008451946158207,evening
Thoothukudi,8.7642,78.1348,Tirunelveli,8.7139,77.7567,50.31530547908347,93,0.25374561301613086,2.0386595689479883,evening
Cuddalore,11.748,79.7714,Hosur,12.7409,77.8253,286.267421061234,48,0.24181115445676346,1.7694227073829063,afternoon
Sivakasi,9.4533,77.8024,Thanjavur,10.787,79.1378,249.87799606716163,19,0.2306254849256939,2.017792771733064,afternoon
Vaniyambadi,12.6844,78.6158,Thoothukudi,8.7642,78.1348,526.8734137012966,62,0.12901362706935998,2.2589471878305023,night
Ooty,11.4102,76.695,Thoothukudi,8.7642,78.1348,400.53190621614607,42,0.16365946909854404,1.8303817903443056,night
Cuddalore,11.748,79.7714,Coimbatore,11.0168,76.9558,381.0070973502141,32,0.22329595835333754,2.426915691293365,evening
Neyveli,11.5384,79.4812,Thoothukudi,8.7642,78.1348,410.23687977517636,18,0.20474285065569853,2.484386829630413,evening
Neyveli,11.5384,79.4812,Pollachi,10.662,77.0065,344.4832907450561,85,0.13021971959738624,1.3430910570552523,afternoon
Rajapalayam,9.4532,77.5521,Gudiyatham,12.9472,78.871,497.143354088485,75,0.2856533418070137,1.338901244716468,night
Madurai,9.9252,78.1198,Ranipet,12.9296,79.3324,431.1120160763974,77,0.21426196626215832,2.1155371237559355,morning
Pudukkottai,10.3797,78.8208,Dindigul,10.3673,77.9803,110.3304505875963,78,0.14237139362639667,1.6426459569106773,night
Ranipet,12.9296,79.3324,Chennai,13.0827,80.2707,123.68771840842105,87,0.10439826784160983,1.8778554946196777,evening
Tiruvannamalai,12.2253,79.0747,Pudukkottai,10.3797,78.8208,248.4961616573496,41,0.2688545556150432,1.3388447384971527,evening
Kumarapalayam,11.4422,77.7088,Tiruppur,11.1085,77.3411,65.55799244633847,89,0.1440194644145242,2.477404483034844,morning
Karaikudi,10.0735,78.7732,Erode,11.341,77.7172,218.56906548819202,21,0.18009384250268418,2.176898482885159,evening
Sivakasi,9.4533,77.8024,Kumarapalayam,11.4422,77.7088,265.6707434280885,89,0.2759564774124469,2.316811228269917,afternoon
Madurai,9.9252,78.1198,Tiruppur,11.1085,77.3411,188.05888847255963,23,0.25751612145819713,1.567067595644218,afternoon
Cuddalore,11.748,79.7714,Tiruchirappalli,10.7905,78.7047,189.23037474474071,27,0.1902471394829624,1.6177374764789283,evening
Tiruvannamalai,12.2253,79.0747,Hosur,12.7409,77.8253,176.71290909452145,53,0.11287960230775536,1.434811720473704,evening
Tirunelveli,8.7139,77.7567,Kumarapalayam,11.4422,77.7088,364.10211541283985,44,0.15446413301339768,1.4287308772928964,morning
Dindigul,10.3673,77.9803,Karaikudi,10.0735,78.7732,111.25651035693275,96,0.10708745329003927,2.402339182619645,evening
Chennai,13.0827,80.2707,Kanchipuram,12.8342,79.7036,80.85500820131553,62,0.2867578301525859,1.862914921317411,night
Kumbakonam,10.9602,79.3845,Chennai,13.0827,80.2707,305.915691725503,67,0.2305008464232219,2.2555070153320944,night
Cuddalore,11.748,79.7714,Thoothukudi,8.7642,78.1348,452.4169664280314,51,0.24999550602169474,1.4400991116671058,morning
Kumbakonam,10.9602,79.3845,Chennai,13.0827,80.2707,305.915691725503,37,0.22538383233761253,1.4816295250506304,night
Madurai,9.9252,78.1198,Vellore,12.9165,79.1325,420.53858077562194,87,0.1614859763559125,1.3696734028874666,morning
Hosur,12.7409,77.8253,Madurai,9.9252,78.1198,377.6799366081379,81,0.28387637148406686,2.3678235760207746,morning
Karur,10.9601,78.0766,Karaikudi,10.0735,78.7732,149.4897264423387,83,0.18926052208520855,1.7393874461513879,night
Pollachi,10.662,77.0065,Kanchipuram,12.8342,79.7036,456.22366710464627,77,0.2713559133905965,1.846371350753805,afternoon
Tiruppur,11.1085,77.3411,Rajapalayam,9.4532,77.5521,222.6035078150374,89,0.20832393284864326,1.1236080003223121,evening
Tiruppur,11.1085,77.3411,Pollachi,10.662,77.0065,73.97177341374186,49,0.14575244163396722,1.3815269651953535,afternoon
Sivakasi,9.4533,77.8024,Tiruppur,11.1085,77.3411,229.01281776675117,84,0.10922639278722748,2.3467481425156063,evening
Cuddalore,11.748,79.7714,Kumarapalayam,11.4422,77.7088,272.6735932241999,83,0.2195091888103411,2.0925935692186064,night
Thoothukudi,8.7642,78.1348,Rajapalayam,9.4532,77.5521,119.77480025279343,15,0.12456306875557042,1.088468240633527,morning
Kumarapalayam,11.4422,77.7088,Vellore,12.9165,79.1325,270.51694055678325,38,0.10790351486415158,2.1916927092261362,afternoon
Gudiyatham,12.9472,78.871,Chennai,13.0827,80.2707,182.8653757783228,11,0.23220677775804735,2.2765681650070846,morning
Hosur,12.7409,77.8253,Thoothukudi,8.7642,78.1348,532.1748204872482,49,0.13122339846938177,1.3878322844628856,evening
Thanjavur,10.787,79.1378,Chennai,13.0827,80.2707,340.1550580882527,50,0.12259470961924955,2.392123364958369,morning
Neyveli,11.5384,79.4812,Pudukkottai,10.3797,78.8208,177.1676632939058,58,0.21210051416131298,1.1513808245680885,afternoon
Thoothukudi,8.7642,78.1348,Tiruchirappalli,10.7905,78.7047,280.56920497388296,78,0.12038563367477007,1.2563155116699554,evening
Tiruchirappalli,10.7905,78.7047,Karaikudi,10.0735,78.7732,96.0934807136418,52,0.2797460306044761,1.8760845736698584,night
Tiruchirappalli,10.7905,78.7047,Vaniyambadi,12.6844,78.6158,252.97720502741515,18,0.15457606470704405,1.0968828200494225,evening
Vaniyambadi,12.6844,78.6158,Chennai,13.0827,80.2707,221.7236269895946,56,0.1849779786208243,2.0791787756855005,afternoon
Pudukkottai,10.3797,78.8208,Vellore,12.9165,79.1325,340.9369224372753,43,0.1827554283840231,1.7142390726443062,evening
Pollachi,10.662,77.0065,Kumarapalayam,11.4422,77.7088,138.91253124772226,77,0.20122499488469198,1.1840992001394484,night
Tiruvannamalai,12.2253,79.0747,Thanjavur,10.787,79.1378,192.09524539067922,93,0.1975332146327064,1.1459905429352981,morning
Sivakasi,9.4533,77.8024,Erode,11.341,77.7172,252.13124901884603,88,0.1559270672388267,1.5782295453245019,afternoon
Karaikudi,10.0735,78.7732,Salem,11.6643,78.146,227.62160717884285,88,0.2037463238312855,1.2519774239556007,night
Gudiyatham,12.9472,78.871,Rajapalayam,9.4532,77.5521,497.143354088485,28,0.2766962512487734,1.3558961556315803,night
Vaniyambadi,12.6844,78.6158,Karur,10.9601,78.0766,240.61504381253926,62,0.11745103842400868,1.2074458293109624,evening
Karur,10.9601,78.0766,Pollachi,10.662,77.0065,145.78443691270033,94,0.16725665136020662,1.8539027723233974,evening
Vellore,12.9165,79.1325,Karur,10.9601,78.0766,295.20572241684715,94,0.20326959766799352,1.4134506214663909,evening
Tiruchirappalli,10.7905,78.7047,Madurai,9.9252,78.1198,138.65484684953202,44,0.18218287790895382,1.2452786569557315,afternoon
Tiruvannamalai,12.2253,79.0747,Tiruchirappalli,10.7905,78.7047,197.4684165816324,47,0.2353713231559873,2.075884536914659,afternoon
Kumbakonam,10.9602,79.3845,Rajapalayam,9.4532,77.5521,313.58654521265163,54,0.13535484794107383,1.2796330930022715,afternoon
Chennai,13.0827,80.2707,Cuddalore,11.748,79.7714,189.60712883281832,85,0.14049232549256366,1.5686925137247578,evening
Vaniyambadi,12.6844,78.6158,Thanjavur,10.787,79.1378,262.2005543270979,26,0.19968239046571457,1.0718240993505117,evening
Chennai,13.0827,80.2707,Thoothukudi,8.7642,78.1348,640.5572340860291,18,0.22254995032311106,2.412665694427853,afternoon
Thanjavur,10.787,79.1378,Tiruppur,11.1085,77.3411,239.25430201498105,39,0.1717641329164389,2.210866277574085,afternoon
Gudiyatham,12.9472,78.871,Cuddalore,11.748,79.7714,198.43981783037427,44,0.13181843551329037,1.781150920286394,evening
Thoothukudi,8.7642,78.1348,Erode,11.341,77.7172,348.1818117653641,10,0.16184498500865915,2.101208484605114,evening
